Name,mtd_interval,MEF,ASR,time_to_compromise,host_compromise_ratio,network_size
NoMTD,100,0,0.4166666666666667,699.5304614443381,0.1,25
NoMTD,100,0,0.5555555555555556,1243.976587645077,0.2,25
NoMTD,100,0,0.6818181818181818,1533.2432640203992,0.3,25
NoMTD,100,0,0.7142857142857143,1823.8771309171725,0.4,25
NoMTD,100,0,0.7352941176470589,1998.4578611385678,0.5,25
NoMTD,100,0,0.7142857142857143,2413.3085286327046,0.6,25
NoMTD,100,0,0.7291666666666666,2822.3389751242216,0.7,25
NoMTD,100,0,0.7407407407407407,3065.4467178232067,0.8,25
NoMTD,100,0,0.5555555555555556,1081.5340933467257,0.1,50
NoMTD,100,0,0.6666666666666666,1826.0797968505544,0.2,50
NoMTD,100,0,0.75,2386.918009147624,0.3,50
NoMTD,100,0,0.8,2793.3496738176123,0.4,50
NoMTD,100,0,0.8333333333333334,3227.6878036348744,0.5,50
NoMTD,100,0,0.8571428571428571,3725.338083918129,0.6,50
NoMTD,100,0,0.875,4020.72320688373,0.7,50
NoMTD,100,0,0.8888888888888888,4408.910566994689,0.8,50
NoMTD,100,0,0.75,1447.9537660920982,0.1,75
NoMTD,100,0,0.7894736842105263,2908.6933401151373,0.2,75
NoMTD,100,0,0.8333333333333334,3480.4200839000846,0.3,75
NoMTD,100,0,0.8333333333333334,4075.949145614738,0.4,75
NoMTD,100,0,0.872093023255814,4656.337114698679,0.5,75
NoMTD,100,0,0.8823529411764706,4880.256998593705,0.6,75
NoMTD,100,0,0.860655737704918,5396.035931364211,0.7,75
NoMTD,100,0,0.8695652173913043,5665.745652763998,0.8,75
NoMTD,100,0,0.9090909090909091,2070.6839592716055,0.1,100
NoMTD,100,0,0.9090909090909091,2920.5907204971686,0.2,100
NoMTD,100,0,0.9090909090909091,4109.169941942998,0.3,100
NoMTD,100,0,0.851063829787234,5150.954518898939,0.4,100
NoMTD,100,0,0.8620689655172413,5745.451460804782,0.5,100
NoMTD,100,0,0.8571428571428571,6138.9364543189,0.6,100
NoMTD,100,0,0.8333333333333334,6858.544456034212,0.7,100
NoMTD,100,0,0.851063829787234,7673.948031057511,0.8,100
NoMTD,200,0,0.4166666666666667,676.8562838392943,0.1,25
NoMTD,200,0,0.5555555555555556,1343.9966853735928,0.2,25
NoMTD,200,0,0.6818181818181818,1473.5457327237154,0.3,25
NoMTD,200,0,0.7142857142857143,1810.927100947409,0.4,25
NoMTD,200,0,0.78125,2112.3917847970606,0.5,25
NoMTD,200,0,0.75,2552.716152190484,0.6,25
NoMTD,200,0,0.7954545454545454,2746.7084146250845,0.7,25
NoMTD,200,0,0.8,2960.3834401585027,0.8,25
NoMTD,200,0,0.625,1230.2240375683318,0.1,50
NoMTD,200,0,0.7692307692307693,1756.4393912052153,0.2,50
NoMTD,200,0,0.8333333333333334,2399.3634161231785,0.3,50
NoMTD,200,0,0.8695652173913043,2753.706772868464,0.4,50
NoMTD,200,0,0.8928571428571429,3134.562336617073,0.5,50
NoMTD,200,0,0.9090909090909091,3511.8820238623,0.6,50
NoMTD,200,0,0.9210526315789473,4257.040706496203,0.7,50
NoMTD,200,0,0.9302325581395349,4653.002751449118,0.8,50
NoMTD,200,0,0.8333333333333334,1414.6686618426972,0.1,75
NoMTD,200,0,0.7894736842105263,2418.2022514999812,0.2,75
NoMTD,200,0,0.8333333333333334,3428.1069421677985,0.3,75
NoMTD,200,0,0.8571428571428571,4096.860431667419,0.4,75
NoMTD,200,0,0.872093023255814,4636.601460159952,0.5,75
NoMTD,200,0,0.8823529411764706,4906.213536585437,0.6,75
NoMTD,200,0,0.8898305084745762,5351.242332246519,0.7,75
NoMTD,200,0,0.8955223880597015,5792.568715244553,0.8,75
NoMTD,200,0,0.8333333333333334,2462.840640465005,0.1,100
NoMTD,200,0,0.9090909090909091,3404.169055815402,0.2,100
NoMTD,200,0,0.9090909090909091,4375.086511228036,0.3,100
NoMTD,200,0,0.9090909090909091,4838.22048751192,0.4,100
NoMTD,200,0,0.8333333333333334,5552.461087062564,0.5,100
NoMTD,200,0,0.8450704225352113,6282.730708156,0.6,100
NoMTD,200,0,0.8641975308641975,6992.167399060865,0.7,100
NoMTD,200,0,0.8421052631578947,7655.716050883748,0.8,100
NoMTD,100,0,0.4166666666666667,683.8530686650394,0.1,25
NoMTD,100,0,0.5555555555555556,1383.8619530320648,0.2,25
NoMTD,100,0,0.625,1555.7455838110795,0.3,25
NoMTD,100,0,0.625,1994.483684291004,0.4,25
NoMTD,100,0,0.6944444444444444,2201.7870982421255,0.5,25
NoMTD,100,0,0.6818181818181818,2527.1569132482177,0.6,25
NoMTD,100,0,0.7291666666666666,2931.4778726517206,0.7,25
NoMTD,100,0,0.7407407407407407,3071.4947865978156,0.8,25
NoMTD,100,0,0.625,896.519138991398,0.1,50
NoMTD,100,0,0.7142857142857143,1643.2876384185058,0.2,50
NoMTD,100,0,0.7894736842105263,2319.202523596421,0.3,50
NoMTD,100,0,0.8,2798.656192033921,0.4,50
NoMTD,100,0,0.8333333333333334,3034.3751378725005,0.5,50
NoMTD,100,0,0.8571428571428571,3735.500746827882,0.6,50
NoMTD,100,0,0.875,4043.24539281709,0.7,50
NoMTD,100,0,0.8888888888888888,4567.906916246868,0.8,50
NoMTD,100,0,0.6818181818181818,1420.2938862148924,0.1,75
NoMTD,100,0,0.7142857142857143,2711.2680179213485,0.2,75
NoMTD,100,0,0.8035714285714286,3290.532424487079,0.3,75
NoMTD,100,0,0.8333333333333334,3764.290531663328,0.4,75
NoMTD,100,0,0.872093023255814,4218.138528647746,0.5,75
NoMTD,100,0,0.8823529411764706,4819.628774768129,0.6,75
NoMTD,100,0,0.8898305084745762,5464.253398737918,0.7,75
NoMTD,100,0,0.8823529411764706,5864.550740963731,0.8,75
NoMTD,100,0,0.8333333333333334,1962.1448647371376,0.1,100
NoMTD,100,0,0.9090909090909091,2999.666992644047,0.2,100
NoMTD,100,0,0.9090909090909091,4074.986829447592,0.3,100
NoMTD,100,0,0.9090909090909091,4684.540271121799,0.4,100
NoMTD,100,0,0.8928571428571429,5256.573668722858,0.5,100
NoMTD,100,0,0.8333333333333334,6115.005169406006,0.6,100
NoMTD,100,0,0.813953488372093,6681.604632516174,0.7,100
NoMTD,100,0,0.8333333333333334,7470.7703464090155,0.8,100
NoMTD,200,0,0.4166666666666667,979.5948875339543,0.1,25
NoMTD,200,0,0.5555555555555556,1485.140184698834,0.2,25
NoMTD,200,0,0.6818181818181818,1551.130439654368,0.3,25
NoMTD,200,0,0.6666666666666666,2016.2402861554247,0.4,25
NoMTD,200,0,0.7352941176470589,2126.62239334476,0.5,25
NoMTD,200,0,0.7142857142857143,2333.8118006606746,0.6,25
NoMTD,200,0,0.7291666666666666,2692.6643889125553,0.7,25
NoMTD,200,0,0.7407407407407407,2905.0732445645835,0.8,25
NoMTD,200,0,0.5555555555555556,1243.2045047780584,0.1,50
NoMTD,200,0,0.7142857142857143,1808.6988192360386,0.2,50
NoMTD,200,0,0.75,2503.9785171411554,0.3,50
NoMTD,200,0,0.8,2869.333701189452,0.4,50
NoMTD,200,0,0.8333333333333334,3409.5894491141607,0.5,50
NoMTD,200,0,0.8333333333333334,3990.143136050043,0.6,50
NoMTD,200,0,0.8536585365853658,4192.97458606379,0.7,50
NoMTD,200,0,0.8695652173913043,4762.6390001677455,0.8,50
NoMTD,200,0,0.8333333333333334,1654.292486993857,0.1,75
NoMTD,200,0,0.7894736842105263,2859.821360247633,0.2,75
NoMTD,200,0,0.8653846153846154,3326.6619435057137,0.3,75
NoMTD,200,0,0.8823529411764706,3789.4504431441746,0.4,75
NoMTD,200,0,0.9146341463414634,4189.6086439864375,0.5,75
NoMTD,200,0,0.8823529411764706,4708.555908562669,0.6,75
NoMTD,200,0,0.9051724137931034,5041.335820598202,0.7,75
NoMTD,200,0,0.9090909090909091,5347.502502865852,0.8,75
NoMTD,200,0,0.9090909090909091,2149.191821368786,0.1,100
NoMTD,200,0,0.9090909090909091,3208.418452813261,0.2,100
NoMTD,200,0,0.9375,4268.411691736632,0.3,100
NoMTD,200,0,0.9090909090909091,5024.823816380861,0.4,100
NoMTD,200,0,0.9090909090909091,5570.147118389209,0.5,100
NoMTD,200,0,0.8823529411764706,6158.263528692024,0.6,100
NoMTD,200,0,0.8974358974358975,6700.114500925141,0.7,100
NoMTD,200,0,0.8888888888888888,7495.665391619603,0.8,100
NoMTD,100,0,0.4166666666666667,696.3337726059743,0.1,25
NoMTD,100,0,0.5555555555555556,1430.5283329676292,0.2,25
NoMTD,100,0,0.625,1709.2568315266053,0.3,25
NoMTD,100,0,0.625,2060.5001584928814,0.4,25
NoMTD,100,0,0.6944444444444444,2218.3423814201674,0.5,25
NoMTD,100,0,0.6818181818181818,2527.9205690542,0.6,25
NoMTD,100,0,0.7291666666666666,2847.461636125374,0.7,25
NoMTD,100,0,0.7407407407407407,3069.668719600724,0.8,25
NoMTD,100,0,0.625,1072.347601616813,0.1,50
NoMTD,100,0,0.7692307692307693,1922.6676560280684,0.2,50
NoMTD,100,0,0.8333333333333334,2196.0862360299197,0.3,50
NoMTD,100,0,0.8695652173913043,2658.8998710138194,0.4,50
NoMTD,100,0,0.8928571428571429,3106.793599612891,0.5,50
NoMTD,100,0,0.8823529411764706,3769.546258611379,0.6,50
NoMTD,100,0,0.8974358974358975,4236.485059925429,0.7,50
NoMTD,100,0,0.9090909090909091,4597.316786848545,0.8,50
NoMTD,100,0,0.625,2025.414642312027,0.1,75
NoMTD,100,0,0.75,3032.72273553002,0.2,75
NoMTD,100,0,0.8333333333333334,3726.2963574411997,0.3,75
NoMTD,100,0,0.8571428571428571,4274.049218196044,0.4,75
NoMTD,100,0,0.872093023255814,4956.65468114753,0.5,75
NoMTD,100,0,0.8823529411764706,5260.163238992401,0.6,75
NoMTD,100,0,0.9051724137931034,5510.461969191472,0.7,75
NoMTD,100,0,0.9090909090909091,5841.665559022509,0.8,75
NoMTD,100,0,0.8333333333333334,2118.1753464816766,0.1,100
NoMTD,100,0,0.8333333333333334,3449.4388810443306,0.2,100
NoMTD,100,0,0.8571428571428571,4288.540198979381,0.3,100
NoMTD,100,0,0.8163265306122449,5041.752758094425,0.4,100
NoMTD,100,0,0.847457627118644,5559.265240258489,0.5,100
NoMTD,100,0,0.8571428571428571,6049.575175431416,0.6,100
NoMTD,100,0,0.8333333333333334,7063.803184896045,0.7,100
NoMTD,100,0,0.8080808080808081,7683.990027352307,0.8,100
NoMTD,200,0,0.4166666666666667,675.0641554869057,0.1,25
NoMTD,200,0,0.5555555555555556,1418.6318382702743,0.2,25
NoMTD,200,0,0.6818181818181818,1573.4264539053318,0.3,25
NoMTD,200,0,0.7142857142857143,1786.4372915978804,0.4,25
NoMTD,200,0,0.7352941176470589,2131.413006065689,0.5,25
NoMTD,200,0,0.7142857142857143,2587.7418289677635,0.6,25
NoMTD,200,0,0.7608695652173914,2805.340619136465,0.7,25
NoMTD,200,0,0.7692307692307693,3023.1514333309856,0.8,25
NoMTD,200,0,0.625,1200.3272837674854,0.1,50
NoMTD,200,0,0.7692307692307693,1763.3244935081657,0.2,50
NoMTD,200,0,0.8333333333333334,2137.232519449648,0.3,50
NoMTD,200,0,0.8333333333333334,2748.9564211933775,0.4,50
NoMTD,200,0,0.8620689655172413,3194.7465145449146,0.5,50
NoMTD,200,0,0.8571428571428571,3516.1397162340404,0.6,50
NoMTD,200,0,0.875,4259.137592996816,0.7,50
NoMTD,200,0,0.8888888888888888,4687.104127284078,0.8,50
NoMTD,200,0,0.75,1164.4972542308335,0.1,75
NoMTD,200,0,0.75,2776.616625796065,0.2,75
NoMTD,200,0,0.8333333333333334,3676.204495064969,0.3,75
NoMTD,200,0,0.8571428571428571,4114.373266763954,0.4,75
NoMTD,200,0,0.8928571428571429,4532.257145325063,0.5,75
NoMTD,200,0,0.9,4887.138497164142,0.6,75
NoMTD,200,0,0.9210526315789473,5263.944539805418,0.7,75
NoMTD,200,0,0.8955223880597015,5854.347390298872,0.8,75
NoMTD,200,0,0.9090909090909091,2090.881383486865,0.1,100
NoMTD,200,0,0.9090909090909091,3231.680811297397,0.2,100
NoMTD,200,0,0.9090909090909091,4413.078830119598,0.3,100
NoMTD,200,0,0.8695652173913043,4974.880864922442,0.4,100
NoMTD,200,0,0.8771929824561403,5656.5708225966955,0.5,100
NoMTD,200,0,0.8695652173913043,6155.184783493641,0.6,100
NoMTD,200,0,0.875,6950.553260185844,0.7,100
NoMTD,200,0,0.8791208791208791,7514.647074505898,0.8,100
NoMTD,100,0,0.4166666666666667,953.2326428633595,0.1,25
NoMTD,100,0,0.5555555555555556,1035.6999353548058,0.2,25
NoMTD,100,0,0.6818181818181818,1523.4146487188016,0.3,25
NoMTD,100,0,0.7142857142857143,1813.3519596610406,0.4,25
NoMTD,100,0,0.78125,1998.563243900534,0.5,25
NoMTD,100,0,0.7142857142857143,2499.864810064532,0.6,25
NoMTD,100,0,0.7608695652173914,2811.7533023012566,0.7,25
NoMTD,100,0,0.7407407407407407,2974.4556476038774,0.8,25
NoMTD,100,0,0.625,1197.4547374188894,0.1,50
NoMTD,100,0,0.7692307692307693,1748.5931932068452,0.2,50
NoMTD,100,0,0.8333333333333334,2328.8700621375733,0.3,50
NoMTD,100,0,0.8333333333333334,2672.3287660476976,0.4,50
NoMTD,100,0,0.8620689655172413,2880.945996760358,0.5,50
NoMTD,100,0,0.8571428571428571,3704.214612100137,0.6,50
NoMTD,100,0,0.875,4340.792388609994,0.7,50
NoMTD,100,0,0.8888888888888888,4519.57665176635,0.8,50
NoMTD,100,0,0.6818181818181818,1352.0875414209436,0.1,75
NoMTD,100,0,0.7894736842105263,2355.598413497867,0.2,75
NoMTD,100,0,0.8653846153846154,2977.453263543888,0.3,75
NoMTD,100,0,0.8333333333333334,4024.2719003872307,0.4,75
NoMTD,100,0,0.872093023255814,4437.254438199015,0.5,75
NoMTD,100,0,0.8823529411764706,4781.957636846016,0.6,75
NoMTD,100,0,0.9051724137931034,5323.107132919124,0.7,75
NoMTD,100,0,0.9090909090909091,5808.447244059136,0.8,75
NoMTD,100,0,0.9090909090909091,2028.3607830454212,0.1,100
NoMTD,100,0,0.9090909090909091,3317.0723187581407,0.2,100
NoMTD,100,0,0.8571428571428571,4398.220036793084,0.3,100
NoMTD,100,0,0.8695652173913043,5019.792373300734,0.4,100
NoMTD,100,0,0.8620689655172413,5390.487810702482,0.5,100
NoMTD,100,0,0.8333333333333334,6203.100244163951,0.6,100
NoMTD,100,0,0.8333333333333334,6659.560999285513,0.7,100
NoMTD,100,0,0.851063829787234,7449.7024096846235,0.8,100
NoMTD,200,0,0.4166666666666667,952.7770715703247,0.1,25
NoMTD,200,0,0.5555555555555556,1241.0065331455007,0.2,25
NoMTD,200,0,0.6818181818181818,1383.294861971705,0.3,25
NoMTD,200,0,0.7142857142857143,1864.816969579114,0.4,25
NoMTD,200,0,0.78125,2129.117845786542,0.5,25
NoMTD,200,0,0.7894736842105263,2447.984354575561,0.6,25
NoMTD,200,0,0.7954545454545454,2755.0387584842683,0.7,25
NoMTD,200,0,0.8,2949.3518047566768,0.8,25
NoMTD,200,0,0.625,1149.260430190765,0.1,50
NoMTD,200,0,0.7692307692307693,1655.64500627958,0.2,50
NoMTD,200,0,0.8333333333333334,2037.1955618506004,0.3,50
NoMTD,200,0,0.8333333333333334,2593.369136119145,0.4,50
NoMTD,200,0,0.8620689655172413,2869.4947821037467,0.5,50
NoMTD,200,0,0.8823529411764706,3381.6572498179844,0.6,50
NoMTD,200,0,0.875,3720.3827976387256,0.7,50
NoMTD,200,0,0.8888888888888888,4214.475413003332,0.8,50
NoMTD,200,0,0.75,1032.1605738172075,0.1,75
NoMTD,200,0,0.75,2464.790473948399,0.2,75
NoMTD,200,0,0.8035714285714286,3400.1605612025373,0.3,75
NoMTD,200,0,0.8108108108108109,4268.774382414568,0.4,75
NoMTD,200,0,0.8333333333333334,4655.808708727227,0.5,75
NoMTD,200,0,0.8490566037735849,5164.3089847605015,0.6,75
NoMTD,200,0,0.875,5491.177653412645,0.7,75
NoMTD,200,0,0.8695652173913043,5937.653360368462,0.8,75
NoMTD,200,0,0.9090909090909091,1713.752782341528,0.1,100
NoMTD,200,0,0.8695652173913043,3139.2521730513427,0.2,100
NoMTD,200,0,0.8823529411764706,4289.914503597186,0.3,100
NoMTD,200,0,0.8333333333333334,4938.4419528733615,0.4,100
NoMTD,200,0,0.8333333333333334,5740.651014375985,0.5,100
NoMTD,200,0,0.8450704225352113,6355.622858302735,0.6,100
NoMTD,200,0,0.813953488372093,6985.957192861819,0.7,100
NoMTD,200,0,0.8333333333333334,7683.753606470551,0.8,100
NoMTD,100,0,0.4166666666666667,674.1291697189749,0.1,25
NoMTD,100,0,0.5555555555555556,1259.711360491141,0.2,25
NoMTD,100,0,0.6818181818181818,1323.1881330800215,0.3,25
NoMTD,100,0,0.7142857142857143,1642.4679046411363,0.4,25
NoMTD,100,0,0.7352941176470589,2083.2143716603377,0.5,25
NoMTD,100,0,0.7142857142857143,2466.820734666429,0.6,25
NoMTD,100,0,0.7291666666666666,2778.1569664792532,0.7,25
NoMTD,100,0,0.7407407407407407,3026.8637266376286,0.8,25
NoMTD,100,0,0.625,1202.708474847959,0.1,50
NoMTD,100,0,0.7692307692307693,1774.0710656743452,0.2,50
NoMTD,100,0,0.7894736842105263,2151.7688966757564,0.3,50
NoMTD,100,0,0.8333333333333334,2607.369435307219,0.4,50
NoMTD,100,0,0.8620689655172413,2902.961534424237,0.5,50
NoMTD,100,0,0.8823529411764706,3314.140634172591,0.6,50
NoMTD,100,0,0.875,3811.596868603301,0.7,50
NoMTD,100,0,0.8888888888888888,4302.732481167164,0.8,50
NoMTD,100,0,0.8333333333333334,1048.432761366913,0.1,75
NoMTD,100,0,0.8333333333333334,2563.935078063343,0.2,75
NoMTD,100,0,0.9,3114.703815057968,0.3,75
NoMTD,100,0,0.8823529411764706,3637.186293709963,0.4,75
NoMTD,100,0,0.9146341463414634,3913.5667091976675,0.5,75
NoMTD,100,0,0.9183673469387755,4482.929330821301,0.6,75
NoMTD,100,0,0.9375,4927.851773767336,0.7,75
NoMTD,100,0,0.9375,5310.899905051042,0.8,75
NoMTD,100,0,0.9090909090909091,2325.4649285027845,0.1,100
NoMTD,100,0,0.8695652173913043,3151.486696155312,0.2,100
NoMTD,100,0,0.8571428571428571,4353.377432688107,0.3,100
NoMTD,100,0,0.8163265306122449,5043.214541490339,0.4,100
NoMTD,100,0,0.78125,5783.75920461918,0.5,100
NoMTD,100,0,0.8,6648.958933944675,0.6,100
NoMTD,100,0,0.7954545454545454,7284.566742870438,0.7,100
NoMTD,100,0,0.8080808080808081,7865.562827537724,0.8,100
NoMTD,200,0,0.4166666666666667,925.8918657918787,0.1,25
NoMTD,200,0,0.5555555555555556,1185.1915168034202,0.2,25
NoMTD,200,0,0.6818181818181818,1365.7514312591875,0.3,25
NoMTD,200,0,0.7142857142857143,1925.575740799075,0.4,25
NoMTD,200,0,0.7352941176470589,2108.9100895015013,0.5,25
NoMTD,200,0,0.7142857142857143,2542.1845725339317,0.6,25
NoMTD,200,0,0.7291666666666666,2777.1075489685054,0.7,25
NoMTD,200,0,0.7407407407407407,2985.506334204292,0.8,25
NoMTD,200,0,0.625,1238.4785539471854,0.1,50
NoMTD,200,0,0.7142857142857143,1841.9353694245679,0.2,50
NoMTD,200,0,0.7894736842105263,2316.185425167274,0.3,50
NoMTD,200,0,0.8,2967.61228617924,0.4,50
NoMTD,200,0,0.8333333333333334,3451.921040057441,0.5,50
NoMTD,200,0,0.8333333333333334,3946.1856451435488,0.6,50
NoMTD,200,0,0.8536585365853658,4187.938251706944,0.7,50
NoMTD,200,0,0.8695652173913043,4599.632809924721,0.8,50
NoMTD,200,0,0.5357142857142857,1764.1704856017727,0.1,75
NoMTD,200,0,0.6818181818181818,2815.3640158821554,0.2,75
NoMTD,200,0,0.75,3586.3092894341735,0.3,75
NoMTD,200,0,0.7894736842105263,4112.915270099811,0.4,75
NoMTD,200,0,0.8333333333333334,4623.944714184227,0.5,75
NoMTD,200,0,0.8490566037735849,5010.885653141895,0.6,75
NoMTD,200,0,0.875,5520.395010489539,0.7,75
NoMTD,200,0,0.8823529411764706,5953.648821703084,0.8,75
NoMTD,200,0,0.8333333333333334,2051.803775256015,0.1,100
NoMTD,200,0,0.8695652173913043,3077.702057202143,0.2,100
NoMTD,200,0,0.8571428571428571,4256.230675361172,0.3,100
NoMTD,200,0,0.851063829787234,5060.450191047199,0.4,100
NoMTD,200,0,0.847457627118644,5628.549962492166,0.5,100
NoMTD,200,0,0.8695652173913043,6198.468153724341,0.6,100
NoMTD,200,0,0.8235294117647058,6876.892637621547,0.7,100
NoMTD,200,0,0.8421052631578947,7423.0410874011595,0.8,100
NoMTD,100,0,0.4166666666666667,959.589775858126,0.1,25
NoMTD,100,0,0.5555555555555556,1228.7820577618013,0.2,25
NoMTD,100,0,0.6818181818181818,1426.1810892700532,0.3,25
NoMTD,100,0,0.6666666666666666,1935.4154507583594,0.4,25
NoMTD,100,0,0.7352941176470589,2137.0316602752564,0.5,25
NoMTD,100,0,0.7142857142857143,2487.3029109837635,0.6,25
NoMTD,100,0,0.7608695652173914,2853.360754717897,0.7,25
NoMTD,100,0,0.7692307692307693,3014.4884004942833,0.8,25
NoMTD,100,0,0.625,1120.8553969080517,0.1,50
NoMTD,100,0,0.7142857142857143,1783.9233848482695,0.2,50
NoMTD,100,0,0.7894736842105263,2168.574323201623,0.3,50
NoMTD,100,0,0.8333333333333334,2556.1910339690507,0.4,50
NoMTD,100,0,0.8333333333333334,3015.2798497409676,0.5,50
NoMTD,100,0,0.8571428571428571,3479.3873169536064,0.6,50
NoMTD,100,0,0.875,3831.0164907584995,0.7,50
NoMTD,100,0,0.8888888888888888,4323.372386728264,0.8,50
NoMTD,100,0,0.8333333333333334,1199.5852939258316,0.1,75
NoMTD,100,0,0.7894736842105263,2225.683505271812,0.2,75
NoMTD,100,0,0.8035714285714286,3274.244574480412,0.3,75
NoMTD,100,0,0.8333333333333334,3594.5229577908353,0.4,75
NoMTD,100,0,0.872093023255814,4044.9453155988713,0.5,75
NoMTD,100,0,0.8653846153846154,4392.977949369399,0.6,75
NoMTD,100,0,0.8898305084745762,4917.2879659391065,0.7,75
NoMTD,100,0,0.8955223880597015,5221.163725634114,0.8,75
NoMTD,100,0,0.9090909090909091,1755.6335310786803,0.1,100
NoMTD,100,0,0.9090909090909091,3110.252475826681,0.2,100
NoMTD,100,0,0.8823529411764706,4405.946686552548,0.3,100
NoMTD,100,0,0.8695652173913043,5378.794903466307,0.4,100
NoMTD,100,0,0.847457627118644,6046.2629730230365,0.5,100
NoMTD,100,0,0.8450704225352113,6733.774424119711,0.6,100
NoMTD,100,0,0.8641975308641975,7556.249920251035,0.7,100
NoMTD,100,0,0.8333333333333334,8218.971102528434,0.8,100
NoMTD,200,0,0.4166666666666667,670.5948399552093,0.1,25
NoMTD,200,0,0.5555555555555556,1496.1861961881655,0.2,25
NoMTD,200,0,0.6818181818181818,1757.4880909080964,0.3,25
NoMTD,200,0,0.7142857142857143,1934.1215527495433,0.4,25
NoMTD,200,0,0.78125,2288.9784693538973,0.5,25
NoMTD,200,0,0.75,2603.5663707380522,0.6,25
NoMTD,200,0,0.7608695652173914,2939.2863740927655,0.7,25
NoMTD,200,0,0.7692307692307693,3170.211310894181,0.8,25
NoMTD,200,0,0.5555555555555556,1270.6807904340178,0.1,50
NoMTD,200,0,0.7142857142857143,1949.040300104526,0.2,50
NoMTD,200,0,0.75,2299.7199193683064,0.3,50
NoMTD,200,0,0.8,2778.1020954012524,0.4,50
NoMTD,200,0,0.8333333333333334,3323.922633091633,0.5,50
NoMTD,200,0,0.8333333333333334,3968.6242454770354,0.6,50
NoMTD,200,0,0.8536585365853658,4185.268916549394,0.7,50
NoMTD,200,0,0.8695652173913043,4420.760194074465,0.8,50
NoMTD,200,0,0.6818181818181818,1609.8198585338214,0.1,75
NoMTD,200,0,0.75,2765.4675133569194,0.2,75
NoMTD,200,0,0.8035714285714286,3781.1071102034084,0.3,75
NoMTD,200,0,0.8333333333333334,4200.022789416847,0.4,75
NoMTD,200,0,0.872093023255814,4546.436551342927,0.5,75
NoMTD,200,0,0.8653846153846154,5116.676749889174,0.6,75
NoMTD,200,0,0.860655737704918,5587.430107534894,0.7,75
NoMTD,200,0,0.8695652173913043,5951.836513482433,0.8,75
NoMTD,200,0,0.8333333333333334,2369.8715706429266,0.1,100
NoMTD,200,0,0.8695652173913043,3559.4927957538166,0.2,100
NoMTD,200,0,0.8571428571428571,4509.066367986989,0.3,100
NoMTD,200,0,0.851063829787234,5173.793720904469,0.4,100
NoMTD,200,0,0.819672131147541,5822.641680172346,0.5,100
NoMTD,200,0,0.821917808219178,6484.782440566636,0.6,100
NoMTD,200,0,0.8433734939759037,6972.001408617474,0.7,100
NoMTD,200,0,0.8333333333333334,7848.027713911371,0.8,100
NoMTD,100,0,0.4166666666666667,930.1248328324803,0.1,25
NoMTD,100,0,0.5555555555555556,1405.9301495236077,0.2,25
NoMTD,100,0,0.6818181818181818,1559.8548611347392,0.3,25
NoMTD,100,0,0.6666666666666666,1907.5294793399567,0.4,25
NoMTD,100,0,0.7352941176470589,2150.626642066797,0.5,25
NoMTD,100,0,0.7142857142857143,2647.0727835746216,0.6,25
NoMTD,100,0,0.7291666666666666,2990.707538708286,0.7,25
NoMTD,100,0,0.7142857142857143,3245.5911325101843,0.8,25
NoMTD,100,0,0.5555555555555556,1335.6210873405964,0.1,50
NoMTD,100,0,0.7142857142857143,2047.2374601543856,0.2,50
NoMTD,100,0,0.75,2499.9779531069053,0.3,50
NoMTD,100,0,0.8,2896.74580098686,0.4,50
NoMTD,100,0,0.8064516129032258,3258.7471177434413,0.5,50
NoMTD,100,0,0.8333333333333334,3990.488926654545,0.6,50
NoMTD,100,0,0.8536585365853658,4467.367009616687,0.7,50
NoMTD,100,0,0.851063829787234,4768.296513475312,0.8,50
NoMTD,100,0,0.6818181818181818,1694.740897101967,0.1,75
NoMTD,100,0,0.6818181818181818,2850.458137491508,0.2,75
NoMTD,100,0,0.7758620689655172,3239.5305018989443,0.3,75
NoMTD,100,0,0.8108108108108109,3811.270030216111,0.4,75
NoMTD,100,0,0.8152173913043478,4247.233693347693,0.5,75
NoMTD,100,0,0.8333333333333334,4667.247856182057,0.6,75
NoMTD,100,0,0.8467741935483871,5348.4441233672915,0.7,75
NoMTD,100,0,0.8571428571428571,5697.702864941236,0.8,75
NoMTD,100,0,0.8333333333333334,1927.264341984952,0.1,100
NoMTD,100,0,0.8695652173913043,3275.158422158518,0.2,100
NoMTD,100,0,0.8571428571428571,4372.395505125253,0.3,100
NoMTD,100,0,0.8695652173913043,4992.854939098337,0.4,100
NoMTD,100,0,0.8928571428571429,6012.208169990931,0.5,100
NoMTD,100,0,0.8450704225352113,6713.958646819257,0.6,100
NoMTD,100,0,0.8333333333333334,7282.337148256978,0.7,100
NoMTD,100,0,0.8421052631578947,7719.196232355067,0.8,100
NoMTD,200,0,0.4166666666666667,984.2097587710051,0.1,25
NoMTD,200,0,0.5555555555555556,1218.880852913389,0.2,25
NoMTD,200,0,0.6818181818181818,1348.855853624609,0.3,25
NoMTD,200,0,0.7142857142857143,1516.4808450111655,0.4,25
NoMTD,200,0,0.78125,1686.0831299743238,0.5,25
NoMTD,200,0,0.75,2511.4179622492843,0.6,25
NoMTD,200,0,0.7608695652173914,2839.7652593542302,0.7,25
NoMTD,200,0,0.7692307692307693,3037.223789333922,0.8,25
NoMTD,200,0,0.625,1138.6372607484511,0.1,50
NoMTD,200,0,0.7692307692307693,1721.6536323522387,0.2,50
NoMTD,200,0,0.8333333333333334,2101.9856253111298,0.3,50
NoMTD,200,0,0.8695652173913043,2662.68609861588,0.4,50
NoMTD,200,0,0.8620689655172413,3326.4698137060545,0.5,50
NoMTD,200,0,0.8823529411764706,3643.331149943345,0.6,50
NoMTD,200,0,0.875,3973.1981780584956,0.7,50
NoMTD,200,0,0.8888888888888888,4455.442257117197,0.8,50
NoMTD,200,0,0.5769230769230769,1761.7394314259739,0.1,75
NoMTD,200,0,0.6818181818181818,2917.188726548177,0.2,75
NoMTD,200,0,0.7758620689655172,3709.4318467735843,0.3,75
NoMTD,200,0,0.7894736842105263,4329.591645555476,0.4,75
NoMTD,200,0,0.8333333333333334,4832.483953265,0.5,75
NoMTD,200,0,0.8490566037735849,5230.592688091179,0.6,75
NoMTD,200,0,0.860655737704918,5517.528946963894,0.7,75
NoMTD,200,0,0.8450704225352113,6084.819126161408,0.8,75
NoMTD,200,0,0.8333333333333334,2301.4285321211482,0.1,100
NoMTD,200,0,0.8695652173913043,3169.648901494543,0.2,100
NoMTD,200,0,0.8823529411764706,4344.247400526622,0.3,100
NoMTD,200,0,0.8333333333333334,5008.947002443724,0.4,100
NoMTD,200,0,0.8064516129032258,5721.426678005044,0.5,100
NoMTD,200,0,0.821917808219178,6163.597905416848,0.6,100
NoMTD,200,0,0.8433734939759037,6906.435611371244,0.7,100
NoMTD,200,0,0.8163265306122449,7736.2459301215495,0.8,100
NoMTD,100,0,0.4166666666666667,692.142688400198,0.1,25
NoMTD,100,0,0.5555555555555556,1227.1940755845885,0.2,25
NoMTD,100,0,0.6818181818181818,1395.362414712918,0.3,25
NoMTD,100,0,0.7142857142857143,1860.4017902541095,0.4,25
NoMTD,100,0,0.78125,2231.3575640138474,0.5,25
NoMTD,100,0,0.7142857142857143,2527.169464868186,0.6,25
NoMTD,100,0,0.7608695652173914,2791.1373016580387,0.7,25
NoMTD,100,0,0.7407407407407407,3046.047093958628,0.8,25
NoMTD,100,0,0.5555555555555556,1084.9596454535638,0.1,50
NoMTD,100,0,0.625,1836.0675358776728,0.2,50
NoMTD,100,0,0.7142857142857143,2517.4012299029982,0.3,50
NoMTD,100,0,0.7692307692307693,2983.257848185576,0.4,50
NoMTD,100,0,0.8064516129032258,3252.11302606373,0.5,50
NoMTD,100,0,0.8108108108108109,3968.534988678718,0.6,50
NoMTD,100,0,0.8333333333333334,4227.381679346063,0.7,50
NoMTD,100,0,0.851063829787234,4484.862574190778,0.8,50
NoMTD,100,0,0.625,1464.511020452033,0.1,75
NoMTD,100,0,0.75,2199.6797930465573,0.2,75
NoMTD,100,0,0.8035714285714286,2888.1432611747637,0.3,75
NoMTD,100,0,0.7894736842105263,4000.532272661182,0.4,75
NoMTD,100,0,0.8333333333333334,4291.797515954993,0.5,75
NoMTD,100,0,0.8333333333333334,4778.882982254611,0.6,75
NoMTD,100,0,0.860655737704918,5398.187806330775,0.7,75
NoMTD,100,0,0.8695652173913043,5691.07267360553,0.8,75
NoMTD,100,0,0.9090909090909091,1888.9335674452261,0.1,100
NoMTD,100,0,0.9090909090909091,3280.671241810318,0.2,100
NoMTD,100,0,0.9375,4224.688232118738,0.3,100
NoMTD,100,0,0.851063829787234,4993.66178943299,0.4,100
NoMTD,100,0,0.847457627118644,5554.377609191166,0.5,100
NoMTD,100,0,0.8571428571428571,6093.699219861035,0.6,100
NoMTD,100,0,0.8536585365853658,6745.008922362134,0.7,100
NoMTD,100,0,0.8602150537634409,7396.425593032614,0.8,100
NoMTD,200,0,0.4166666666666667,986.3475001557808,0.1,25
NoMTD,200,0,0.5555555555555556,1526.6535210704708,0.2,25
NoMTD,200,0,0.6818181818181818,1717.565077988503,0.3,25
NoMTD,200,0,0.7142857142857143,2029.4725750020352,0.4,25
NoMTD,200,0,0.78125,2223.190164893206,0.5,25
NoMTD,200,0,0.7142857142857143,2544.040868225117,0.6,25
NoMTD,200,0,0.7608695652173914,2807.772469009747,0.7,25
NoMTD,200,0,0.7692307692307693,3131.9406355277997,0.8,25
NoMTD,200,0,0.5555555555555556,921.4070199407261,0.1,50
NoMTD,200,0,0.7142857142857143,1579.1285431510282,0.2,50
NoMTD,200,0,0.7894736842105263,2171.607458541684,0.3,50
NoMTD,200,0,0.7692307692307693,2905.5252388025597,0.4,50
NoMTD,200,0,0.8064516129032258,3387.051581090172,0.5,50
NoMTD,200,0,0.8333333333333334,3729.609780057537,0.6,50
NoMTD,200,0,0.8536585365853658,4090.662048551071,0.7,50
NoMTD,200,0,0.851063829787234,4531.803956060731,0.8,50
NoMTD,200,0,0.8333333333333334,1529.755930254979,0.1,75
NoMTD,200,0,0.8333333333333334,2735.3001045697747,0.2,75
NoMTD,200,0,0.9,3073.467160927187,0.3,75
NoMTD,200,0,0.8823529411764706,3717.0190911518393,0.4,75
NoMTD,200,0,0.9146341463414634,4292.462738027053,0.5,75
NoMTD,200,0,0.9183673469387755,4591.338239889784,0.6,75
NoMTD,200,0,0.9375,5101.989908128214,0.7,75
NoMTD,200,0,0.9375,5614.543663003935,0.8,75
NoMTD,200,0,0.8333333333333334,1708.8274360452133,0.1,100
NoMTD,200,0,0.9090909090909091,3137.118497937243,0.2,100
NoMTD,200,0,0.9090909090909091,4156.000737903997,0.3,100
NoMTD,200,0,0.8695652173913043,4724.994958793863,0.4,100
NoMTD,200,0,0.8333333333333334,5338.264138519498,0.5,100
NoMTD,200,0,0.8571428571428571,6147.134039685649,0.6,100
NoMTD,200,0,0.875,6669.16228412103,0.7,100
NoMTD,200,0,0.8695652173913043,7386.298403462284,0.8,100
NoMTD,100,0,0.4166666666666667,925.6695929621912,0.1,25
NoMTD,100,0,0.5555555555555556,1093.5958032415183,0.2,25
NoMTD,100,0,0.6818181818181818,1511.366944963247,0.3,25
NoMTD,100,0,0.7142857142857143,1868.3797933469616,0.4,25
NoMTD,100,0,0.78125,2063.748990561414,0.5,25
NoMTD,100,0,0.7142857142857143,2534.7449034103674,0.6,25
NoMTD,100,0,0.7608695652173914,2757.5724819073507,0.7,25
NoMTD,100,0,0.7692307692307693,2956.78508451196,0.8,25
NoMTD,100,0,0.625,1184.2744015794458,0.1,50
NoMTD,100,0,0.7692307692307693,1721.1765055053936,0.2,50
NoMTD,100,0,0.8333333333333334,1978.6687012239777,0.3,50
NoMTD,100,0,0.8695652173913043,2483.630273500797,0.4,50
NoMTD,100,0,0.8928571428571429,2795.4254226961175,0.5,50
NoMTD,100,0,0.8823529411764706,3698.2716125964334,0.6,50
NoMTD,100,0,0.8974358974358975,3922.926274017992,0.7,50
NoMTD,100,0,0.8888888888888888,4581.266226185915,0.8,50
NoMTD,100,0,0.625,1525.8867977485818,0.1,75
NoMTD,100,0,0.75,2448.3804471821395,0.2,75
NoMTD,100,0,0.8333333333333334,3185.8720899727714,0.3,75
NoMTD,100,0,0.8571428571428571,3421.805252250064,0.4,75
NoMTD,100,0,0.8928571428571429,3726.548860612882,0.5,75
NoMTD,100,0,0.8823529411764706,4646.135434806962,0.6,75
NoMTD,100,0,0.8898305084745762,5289.745295152913,0.7,75
NoMTD,100,0,0.8823529411764706,5827.878427779944,0.8,75
NoMTD,100,0,0.8333333333333334,2079.0324530580474,0.1,100
NoMTD,100,0,0.8695652173913043,3106.8621754686937,0.2,100
NoMTD,100,0,0.9090909090909091,4398.200350792691,0.3,100
NoMTD,100,0,0.851063829787234,5238.65467602457,0.4,100
NoMTD,100,0,0.819672131147541,5986.442602607907,0.5,100
NoMTD,100,0,0.8,6597.097494149142,0.6,100
NoMTD,100,0,0.813953488372093,7067.28054392069,0.7,100
NoMTD,100,0,0.8333333333333334,7783.544430022158,0.8,100
NoMTD,200,0,0.4166666666666667,951.2097578922422,0.1,25
NoMTD,200,0,0.5555555555555556,1167.5432019294753,0.2,25
NoMTD,200,0,0.6818181818181818,1368.1253410044633,0.3,25
NoMTD,200,0,0.7142857142857143,1668.9965652028209,0.4,25
NoMTD,200,0,0.78125,1989.5058793273402,0.5,25
NoMTD,200,0,0.75,2614.4585870260476,0.6,25
NoMTD,200,0,0.7954545454545454,2821.13510290471,0.7,25
NoMTD,200,0,0.7692307692307693,3041.4958428023974,0.8,25
NoMTD,200,0,0.625,1152.6198475421045,0.1,50
NoMTD,200,0,0.7692307692307693,1716.011226613952,0.2,50
NoMTD,200,0,0.8333333333333334,2351.5137110445594,0.3,50
NoMTD,200,0,0.8695652173913043,2628.5431064802874,0.4,50
NoMTD,200,0,0.8333333333333334,3331.8752258225195,0.5,50
NoMTD,200,0,0.8571428571428571,3745.57490017316,0.6,50
NoMTD,200,0,0.8333333333333334,4513.2630169357835,0.7,50
NoMTD,200,0,0.851063829787234,4742.824682370825,0.8,50
NoMTD,200,0,0.75,1445.5357472720766,0.1,75
NoMTD,200,0,0.7894736842105263,2622.7906171621107,0.2,75
NoMTD,200,0,0.8333333333333334,3003.0475154572277,0.3,75
NoMTD,200,0,0.8333333333333334,3470.838455673449,0.4,75
NoMTD,200,0,0.872093023255814,4003.6811640570613,0.5,75
NoMTD,200,0,0.8823529411764706,4452.580795866177,0.6,75
NoMTD,200,0,0.9051724137931034,4787.3664212229505,0.7,75
NoMTD,200,0,0.8955223880597015,5486.663182230437,0.8,75
NoMTD,200,0,0.9090909090909091,2315.998900989719,0.1,100
NoMTD,200,0,0.8695652173913043,3198.233098380894,0.2,100
NoMTD,200,0,0.9090909090909091,4356.901982682689,0.3,100
NoMTD,200,0,0.8163265306122449,5064.915770972093,0.4,100
NoMTD,200,0,0.8333333333333334,5798.412335225708,0.5,100
NoMTD,200,0,0.8333333333333334,6483.928610266088,0.6,100
NoMTD,200,0,0.8045977011494253,7218.762418302933,0.7,100
NoMTD,200,0,0.8247422680412371,7786.818408469215,0.8,100
NoMTD,100,0,0.4166666666666667,683.7844417976644,0.1,25
NoMTD,100,0,0.5,1404.6203861092245,0.2,25
NoMTD,100,0,0.625,1662.2256598853758,0.3,25
NoMTD,100,0,0.6666666666666666,1975.1984391190385,0.4,25
NoMTD,100,0,0.7352941176470589,2186.449944769215,0.5,25
NoMTD,100,0,0.7142857142857143,2712.1968562526386,0.6,25
NoMTD,100,0,0.7608695652173914,2965.077372835425,0.7,25
NoMTD,100,0,0.7692307692307693,3171.2516380553925,0.8,25
NoMTD,100,0,0.5555555555555556,1096.84243230603,0.1,50
NoMTD,100,0,0.6666666666666666,2008.3971584168203,0.2,50
NoMTD,100,0,0.75,2420.914954513632,0.3,50
NoMTD,100,0,0.7407407407407407,2876.2836018818916,0.4,50
NoMTD,100,0,0.7575757575757576,3323.4913691900774,0.5,50
NoMTD,100,0,0.7894736842105263,3807.1948832093067,0.6,50
NoMTD,100,0,0.813953488372093,4074.023780096916,0.7,50
NoMTD,100,0,0.8333333333333334,4424.023756938941,0.8,50
NoMTD,100,0,0.6818181818181818,2147.206295035565,0.1,75
NoMTD,100,0,0.6818181818181818,3258.4962144732613,0.2,75
NoMTD,100,0,0.7758620689655172,3867.428198298736,0.3,75
NoMTD,100,0,0.7894736842105263,4295.042184133536,0.4,75
NoMTD,100,0,0.8152173913043478,4847.030869399671,0.5,75
NoMTD,100,0,0.8181818181818182,5288.852092599236,0.6,75
NoMTD,100,0,0.8467741935483871,5596.5391087116595,0.7,75
NoMTD,100,0,0.8571428571428571,6052.3345819361575,0.8,75
NoMTD,100,0,0.9090909090909091,1757.7097627924566,0.1,100
NoMTD,100,0,0.8695652173913043,3031.9081613667777,0.2,100
NoMTD,100,0,0.9090909090909091,4099.569020409369,0.3,100
NoMTD,100,0,0.8888888888888888,4697.413088923684,0.4,100
NoMTD,100,0,0.8928571428571429,5237.535123396634,0.5,100
NoMTD,100,0,0.9090909090909091,6136.912710458925,0.6,100
NoMTD,100,0,0.9210526315789473,6524.535561705752,0.7,100
NoMTD,100,0,0.9090909090909091,6998.417112299972,0.8,100
NoMTD,200,0,0.4166666666666667,672.842537173009,0.1,25
NoMTD,200,0,0.5555555555555556,1166.6858437338794,0.2,25
NoMTD,200,0,0.625,1572.980202741007,0.3,25
NoMTD,200,0,0.6666666666666666,1732.6718480602294,0.4,25
NoMTD,200,0,0.6944444444444444,2054.893601688763,0.5,25
NoMTD,200,0,0.7142857142857143,2380.493604816194,0.6,25
NoMTD,200,0,0.7291666666666666,2658.2484509962,0.7,25
NoMTD,200,0,0.7407407407407407,2912.4113025165575,0.8,25
NoMTD,200,0,0.5555555555555556,1321.1723154939248,0.1,50
NoMTD,200,0,0.7142857142857143,1859.05033670339,0.2,50
NoMTD,200,0,0.7894736842105263,2289.3530616127305,0.3,50
NoMTD,200,0,0.8,2957.4734099784596,0.4,50
NoMTD,200,0,0.8333333333333334,3372.1071690768736,0.5,50
NoMTD,200,0,0.8333333333333334,3679.040184243001,0.6,50
NoMTD,200,0,0.8536585365853658,3989.5139237827607,0.7,50
NoMTD,200,0,0.8695652173913043,4450.817952349345,0.8,50
NoMTD,200,0,0.75,1499.661333367533,0.1,75
NoMTD,200,0,0.8333333333333334,2534.4474471357553,0.2,75
NoMTD,200,0,0.8653846153846154,3364.9392643269703,0.3,75
NoMTD,200,0,0.8571428571428571,3784.848394339826,0.4,75
NoMTD,200,0,0.8928571428571429,4131.76437111177,0.5,75
NoMTD,200,0,0.9,4674.611157053071,0.6,75
NoMTD,200,0,0.9210526315789473,5252.303557770108,0.7,75
NoMTD,200,0,0.9230769230769231,5542.856237685165,0.8,75
NoMTD,200,0,0.7692307692307693,1828.253419301114,0.1,100
NoMTD,200,0,0.8695652173913043,3231.463297393576,0.2,100
NoMTD,200,0,0.8823529411764706,4307.805508831483,0.3,100
NoMTD,200,0,0.8888888888888888,5004.539940980677,0.4,100
NoMTD,200,0,0.8771929824561403,5528.389380111131,0.5,100
NoMTD,200,0,0.8450704225352113,6147.580239148441,0.6,100
NoMTD,200,0,0.8641975308641975,6941.671185518221,0.7,100
NoMTD,200,0,0.8421052631578947,7639.724219434784,0.8,100
NoMTD,100,0,0.4166666666666667,972.78506636127,0.1,25
NoMTD,100,0,0.5555555555555556,1141.5485495133148,0.2,25
NoMTD,100,0,0.6818181818181818,1362.5651008449224,0.3,25
NoMTD,100,0,0.7142857142857143,1770.3360757944715,0.4,25
NoMTD,100,0,0.78125,1973.1133524098286,0.5,25
NoMTD,100,0,0.7142857142857143,2577.0210173470296,0.6,25
NoMTD,100,0,0.7608695652173914,2746.776451878953,0.7,25
NoMTD,100,0,0.7692307692307693,3024.6668232840884,0.8,25
NoMTD,100,0,0.625,1109.5841464175287,0.1,50
NoMTD,100,0,0.6666666666666666,1951.856928674973,0.2,50
NoMTD,100,0,0.75,2518.541639358802,0.3,50
NoMTD,100,0,0.8,2941.028127002761,0.4,50
NoMTD,100,0,0.8333333333333334,3141.987597876082,0.5,50
NoMTD,100,0,0.8571428571428571,3563.6779109578365,0.6,50
NoMTD,100,0,0.875,4090.1575400203847,0.7,50
NoMTD,100,0,0.8888888888888888,4351.734639327776,0.8,50
NoMTD,100,0,0.625,2363.9617656811315,0.1,75
NoMTD,100,0,0.7142857142857143,3440.0593720623665,0.2,75
NoMTD,100,0,0.8035714285714286,3988.7459224668323,0.3,75
NoMTD,100,0,0.8333333333333334,4292.268339992084,0.4,75
NoMTD,100,0,0.872093023255814,4595.178629141089,0.5,75
NoMTD,100,0,0.8823529411764706,4989.286102381103,0.6,75
NoMTD,100,0,0.8898305084745762,5472.434869937631,0.7,75
NoMTD,100,0,0.8823529411764706,5886.931716016519,0.8,75
NoMTD,100,0,0.9090909090909091,2048.1063276916475,0.1,100
NoMTD,100,0,0.9090909090909091,3304.7488591904535,0.2,100
NoMTD,100,0,0.8571428571428571,4562.846964998775,0.3,100
NoMTD,100,0,0.8333333333333334,5297.839486885745,0.4,100
NoMTD,100,0,0.8064516129032258,5919.766327795882,0.5,100
NoMTD,100,0,0.8108108108108109,6744.178623233155,0.6,100
NoMTD,100,0,0.8235294117647058,7177.064472377315,0.7,100
NoMTD,100,0,0.8421052631578947,8028.184411039547,0.8,100
NoMTD,200,0,0.4166666666666667,916.2329822039576,0.1,25
NoMTD,200,0,0.5555555555555556,1240.0251773201007,0.2,25
NoMTD,200,0,0.6818181818181818,1290.0251773201007,0.3,25
NoMTD,200,0,0.7142857142857143,1713.0366816090395,0.4,25
NoMTD,200,0,0.78125,1980.3433170450503,0.5,25
NoMTD,200,0,0.7142857142857143,2375.0999160144506,0.6,25
NoMTD,200,0,0.7608695652173914,2692.4201997435703,0.7,25
NoMTD,200,0,0.7692307692307693,2951.462958899252,0.8,25
NoMTD,200,0,0.5555555555555556,1282.5124899787315,0.1,50
NoMTD,200,0,0.7142857142857143,1956.2856839809606,0.2,50
NoMTD,200,0,0.75,2607.1163310667853,0.3,50
NoMTD,200,0,0.8,2978.1479895987213,0.4,50
NoMTD,200,0,0.8333333333333334,3206.884331682896,0.5,50
NoMTD,200,0,0.8571428571428571,3948.8168894222854,0.6,50
NoMTD,200,0,0.875,4169.509397720323,0.7,50
NoMTD,200,0,0.8695652173913043,4526.7872174108315,0.8,50
NoMTD,200,0,0.8333333333333334,1023.0471193085751,0.1,75
NoMTD,200,0,0.8333333333333334,2413.706321336381,0.2,75
NoMTD,200,0,0.9,2805.5813961386175,0.3,75
NoMTD,200,0,0.9090909090909091,3450.331001513232,0.4,75
NoMTD,200,0,0.9375,3839.7275802546237,0.5,75
NoMTD,200,0,0.9375,4801.114471464515,0.6,75
NoMTD,200,0,0.9210526315789473,5163.556761970539,0.7,75
NoMTD,200,0,0.9090909090909091,5721.800765383471,0.8,75
NoMTD,200,0,0.8333333333333334,2334.7561761005245,0.1,100
NoMTD,200,0,0.9090909090909091,3251.1438924624904,0.2,100
NoMTD,200,0,0.9375,4277.998340607816,0.3,100
NoMTD,200,0,0.8695652173913043,5099.124821645905,0.4,100
NoMTD,200,0,0.8928571428571429,5759.684181322917,0.5,100
NoMTD,200,0,0.8571428571428571,6333.324936945963,0.6,100
NoMTD,200,0,0.8433734939759037,6888.26897810548,0.7,100
NoMTD,200,0,0.8602150537634409,7690.8822801329425,0.8,100
NoMTD,100,0,0.4166666666666667,689.938261960739,0.1,25
NoMTD,100,0,0.5555555555555556,1218.882316752107,0.2,25
NoMTD,100,0,0.6818181818181818,1436.5392806204115,0.3,25
NoMTD,100,0,0.7142857142857143,1861.6410585132282,0.4,25
NoMTD,100,0,0.78125,2067.681897751566,0.5,25
NoMTD,100,0,0.75,2448.093147206069,0.6,25
NoMTD,100,0,0.7608695652173914,2680.261131394277,0.7,25
NoMTD,100,0,0.7692307692307693,2883.190358348167,0.8,25
NoMTD,100,0,0.625,1205.2377324812524,0.1,50
NoMTD,100,0,0.7692307692307693,1860.0994578224843,0.2,50
NoMTD,100,0,0.7894736842105263,2274.7671966436023,0.3,50
NoMTD,100,0,0.8333333333333334,2925.358166233924,0.4,50
NoMTD,100,0,0.8333333333333334,3522.1086245080887,0.5,50
NoMTD,100,0,0.8571428571428571,4134.032956217635,0.6,50
NoMTD,100,0,0.875,4422.471332993866,0.7,50
NoMTD,100,0,0.8695652173913043,4738.576084045471,0.8,50
NoMTD,100,0,0.75,1832.1848711439527,0.1,75
NoMTD,100,0,0.75,3427.664761733666,0.2,75
NoMTD,100,0,0.8333333333333334,4135.557753578252,0.3,75
NoMTD,100,0,0.8333333333333334,4616.955889768134,0.4,75
NoMTD,100,0,0.8522727272727273,4858.652070783519,0.5,75
NoMTD,100,0,0.8490566037735849,5554.610145773744,0.6,75
NoMTD,100,0,0.8467741935483871,5884.272977580724,0.7,75
NoMTD,100,0,0.8571428571428571,6279.2100369123655,0.8,75
NoMTD,100,0,0.9090909090909091,1889.215670421632,0.1,100
NoMTD,100,0,0.9090909090909091,2929.417556383346,0.2,100
NoMTD,100,0,0.8823529411764706,4054.996389232607,0.3,100
NoMTD,100,0,0.851063829787234,4720.860713113276,0.4,100
NoMTD,100,0,0.7936507936507936,5587.585754073096,0.5,100
NoMTD,100,0,0.8108108108108109,6342.380809853244,0.6,100
NoMTD,100,0,0.8235294117647058,6831.207163747722,0.7,100
NoMTD,100,0,0.8080808080808081,7523.899095131455,0.8,100
NoMTD,200,0,0.4166666666666667,696.76241320509,0.1,25
NoMTD,200,0,0.5555555555555556,1343.936436451408,0.2,25
NoMTD,200,0,0.6818181818181818,1589.6242663835878,0.3,25
NoMTD,200,0,0.7142857142857143,1983.2195332506449,0.4,25
NoMTD,200,0,0.78125,2171.4138991604004,0.5,25
NoMTD,200,0,0.75,2565.5246078034943,0.6,25
NoMTD,200,0,0.7608695652173914,2840.325535208322,0.7,25
NoMTD,200,0,0.7692307692307693,3147.9316929323727,0.8,25
NoMTD,200,0,0.5555555555555556,1024.3584506978077,0.1,50
NoMTD,200,0,0.7142857142857143,1473.889173081869,0.2,50
NoMTD,200,0,0.75,2202.930247042902,0.3,50
NoMTD,200,0,0.8,2918.76247010108,0.4,50
NoMTD,200,0,0.8333333333333334,3385.922595281774,0.5,50
NoMTD,200,0,0.8571428571428571,3631.0990570195963,0.6,50
NoMTD,200,0,0.875,4205.195467587268,0.7,50
NoMTD,200,0,0.8888888888888888,4431.892364972323,0.8,50
NoMTD,200,0,0.625,1798.3224789525746,0.1,75
NoMTD,200,0,0.75,2890.9888670624664,0.2,75
NoMTD,200,0,0.8035714285714286,3751.3966551732537,0.3,75
NoMTD,200,0,0.7894736842105263,4535.1807711721785,0.4,75
NoMTD,200,0,0.8333333333333334,4847.175341343193,0.5,75
NoMTD,200,0,0.8490566037735849,5217.310044163905,0.6,75
NoMTD,200,0,0.875,5559.233255194487,0.7,75
NoMTD,200,0,0.8823529411764706,5859.52459841347,0.8,75
NoMTD,200,0,0.9090909090909091,2016.2661119194547,0.1,100
NoMTD,200,0,0.9090909090909091,3025.0176427524752,0.2,100
NoMTD,200,0,0.9375,4410.558378219809,0.3,100
NoMTD,200,0,0.8163265306122449,5121.518298144028,0.4,100
NoMTD,200,0,0.7936507936507936,5803.088176279704,0.5,100
NoMTD,200,0,0.8,6344.195049418572,0.6,100
NoMTD,200,0,0.813953488372093,7311.450106070935,0.7,100
NoMTD,200,0,0.8080808080808081,8049.017457932097,0.8,100
NoMTD,100,0,0.4166666666666667,669.7170690164007,0.1,25
NoMTD,100,0,0.5555555555555556,1263.0571509175738,0.2,25
NoMTD,100,0,0.6818181818181818,1521.1413398550008,0.3,25
NoMTD,100,0,0.7142857142857143,2072.2932852598574,0.4,25
NoMTD,100,0,0.7352941176470589,2239.767736261087,0.5,25
NoMTD,100,0,0.75,2615.8484824446023,0.6,25
NoMTD,100,0,0.7608695652173914,2911.256372187118,0.7,25
NoMTD,100,0,0.7692307692307693,3139.146189416967,0.8,25
NoMTD,100,0,0.625,1106.801500794382,0.1,50
NoMTD,100,0,0.7142857142857143,1758.8578292329325,0.2,50
NoMTD,100,0,0.7894736842105263,2275.632732947148,0.3,50
NoMTD,100,0,0.8333333333333334,2569.7047516940474,0.4,50
NoMTD,100,0,0.8333333333333334,3135.1701038775213,0.5,50
NoMTD,100,0,0.8571428571428571,3506.250922918577,0.6,50
NoMTD,100,0,0.875,3994.6454387151916,0.7,50
NoMTD,100,0,0.8888888888888888,4468.573509586549,0.8,50
NoMTD,100,0,0.6818181818181818,1994.5146568609525,0.1,75
NoMTD,100,0,0.75,3331.3363478816277,0.2,75
NoMTD,100,0,0.8035714285714286,3991.0215092661265,0.3,75
NoMTD,100,0,0.8333333333333334,4454.848950464378,0.4,75
NoMTD,100,0,0.872093023255814,4714.893028471487,0.5,75
NoMTD,100,0,0.8653846153846154,5277.921636169771,0.6,75
NoMTD,100,0,0.8898305084745762,5558.046710428804,0.7,75
NoMTD,100,0,0.8955223880597015,5758.046710428804,0.8,75
NoMTD,100,0,0.7692307692307693,1905.914230962916,0.1,100
NoMTD,100,0,0.8695652173913043,3275.610330727492,0.2,100
NoMTD,100,0,0.8823529411764706,4344.10328485759,0.3,100
NoMTD,100,0,0.8695652173913043,5019.929171913866,0.4,100
NoMTD,100,0,0.8928571428571429,5540.268384767745,0.5,100
NoMTD,100,0,0.8823529411764706,6044.363627602255,0.6,100
NoMTD,100,0,0.8433734939759037,6830.545814127623,0.7,100
NoMTD,100,0,0.8333333333333334,7746.908031229474,0.8,100
NoMTD,200,0,0.4166666666666667,990.746288711258,0.1,25
NoMTD,200,0,0.5555555555555556,1422.6423899783981,0.2,25
NoMTD,200,0,0.6818181818181818,1481.4225427394265,0.3,25
NoMTD,200,0,0.7142857142857143,1775.639134052512,0.4,25
NoMTD,200,0,0.78125,1966.1095468368171,0.5,25
NoMTD,200,0,0.75,2526.0251727621076,0.6,25
NoMTD,200,0,0.7608695652173914,2831.975130369481,0.7,25
NoMTD,200,0,0.7407407407407407,3138.5338232072936,0.8,25
NoMTD,200,0,0.5555555555555556,1220.4092398929333,0.1,50
NoMTD,200,0,0.7142857142857143,1772.775349234375,0.2,50
NoMTD,200,0,0.7894736842105263,2246.78479014365,0.3,50
NoMTD,200,0,0.7692307692307693,2911.4563283010425,0.4,50
NoMTD,200,0,0.78125,3453.8443181637303,0.5,50
NoMTD,200,0,0.8108108108108109,3608.548498038956,0.6,50
NoMTD,200,0,0.8333333333333334,4106.69602319522,0.7,50
NoMTD,200,0,0.851063829787234,4438.032862331036,0.8,50
NoMTD,200,0,0.5769230769230769,1606.5002822067804,0.1,75
NoMTD,200,0,0.6521739130434783,2990.9158677834057,0.2,75
NoMTD,200,0,0.75,3508.6927311648824,0.3,75
NoMTD,200,0,0.7894736842105263,3920.335290649957,0.4,75
NoMTD,200,0,0.8333333333333334,4217.698044123226,0.5,75
NoMTD,200,0,0.8333333333333334,4722.024559844833,0.6,75
NoMTD,200,0,0.860655737704918,5248.988244978791,0.7,75
NoMTD,200,0,0.8571428571428571,6005.3554032310585,0.8,75
NoMTD,200,0,0.8333333333333334,1841.084635155974,0.1,100
NoMTD,200,0,0.9090909090909091,3057.3857698609577,0.2,100
NoMTD,200,0,0.9375,4220.81909611018,0.3,100
NoMTD,200,0,0.9090909090909091,4893.4476193456185,0.4,100
NoMTD,200,0,0.847457627118644,5510.107953264841,0.5,100
NoMTD,200,0,0.8571428571428571,6086.920409704306,0.6,100
NoMTD,200,0,0.875,6784.178901152573,0.7,100
NoMTD,200,0,0.8791208791208791,7306.260777437232,0.8,100
NoMTD,100,0,0.4166666666666667,672.3878211437781,0.1,25
NoMTD,100,0,0.5555555555555556,1560.1141434782876,0.2,25
NoMTD,100,0,0.625,1719.892237646224,0.3,25
NoMTD,100,0,0.6666666666666666,2032.117200553123,0.4,25
NoMTD,100,0,0.6944444444444444,2255.9197077878944,0.5,25
NoMTD,100,0,0.6818181818181818,2746.9318832468516,0.6,25
NoMTD,100,0,0.7291666666666666,3029.182872279097,0.7,25
NoMTD,100,0,0.7407407407407407,3290.142754000206,0.8,25
NoMTD,100,0,0.625,1006.0096664765738,0.1,50
NoMTD,100,0,0.5882352941176471,1965.3952296274565,0.2,50
NoMTD,100,0,0.6818181818181818,2825.897441854534,0.3,50
NoMTD,100,0,0.7407407407407407,3263.5595850535383,0.4,50
NoMTD,100,0,0.7575757575757576,3732.987474618959,0.5,50
NoMTD,100,0,0.7894736842105263,4137.317852168955,0.6,50
NoMTD,100,0,0.813953488372093,4512.469439750348,0.7,50
NoMTD,100,0,0.8333333333333334,4779.921077812849,0.8,50
NoMTD,100,0,0.8333333333333334,1362.990989240066,0.1,75
NoMTD,100,0,0.7894736842105263,2672.731962524358,0.2,75
NoMTD,100,0,0.8333333333333334,3171.017637119965,0.3,75
NoMTD,100,0,0.8571428571428571,3984.7047593908865,0.4,75
NoMTD,100,0,0.8928571428571429,4492.487590297592,0.5,75
NoMTD,100,0,0.9,5361.104509793604,0.6,75
NoMTD,100,0,0.9210526315789473,5660.902547840668,0.7,75
NoMTD,100,0,0.9230769230769231,5902.247594836105,0.8,75
NoMTD,100,0,0.8333333333333334,2114.6221058618726,0.1,100
NoMTD,100,0,0.8695652173913043,3214.618654771626,0.2,100
NoMTD,100,0,0.8333333333333334,4438.997508620144,0.3,100
NoMTD,100,0,0.8,5071.749355412807,0.4,100
NoMTD,100,0,0.8064516129032258,5646.97204581576,0.5,100
NoMTD,100,0,0.821917808219178,6284.648481460214,0.6,100
NoMTD,100,0,0.7954545454545454,7050.390378600521,0.7,100
NoMTD,100,0,0.8163265306122449,7833.194951374468,0.8,100
NoMTD,200,0,0.4166666666666667,682.9379968931503,0.1,25
NoMTD,200,0,0.5555555555555556,1303.0235242759095,0.2,25
NoMTD,200,0,0.6818181818181818,1353.0235242759095,0.3,25
NoMTD,200,0,0.7142857142857143,1593.026778989513,0.4,25
NoMTD,200,0,0.7352941176470589,1980.2488172512026,0.5,25
NoMTD,200,0,0.7142857142857143,2409.283228845526,0.6,25
NoMTD,200,0,0.7291666666666666,2684.9127407145634,0.7,25
NoMTD,200,0,0.7407407407407407,2986.2520623723512,0.8,25
NoMTD,200,0,0.625,997.6115942297672,0.1,50
NoMTD,200,0,0.7692307692307693,1581.1912819791667,0.2,50
NoMTD,200,0,0.8333333333333334,2137.8705267355435,0.3,50
NoMTD,200,0,0.8695652173913043,2786.447755418516,0.4,50
NoMTD,200,0,0.8928571428571429,3152.336202620627,0.5,50
NoMTD,200,0,0.8823529411764706,3571.4788975773254,0.6,50
NoMTD,200,0,0.875,3898.3420580212633,0.7,50
NoMTD,200,0,0.8888888888888888,4299.459582287159,0.8,50
NoMTD,200,0,0.8333333333333334,837.8101751926085,0.1,75
NoMTD,200,0,0.7894736842105263,2225.5035504204034,0.2,75
NoMTD,200,0,0.7758620689655172,2796.634362073967,0.3,75
NoMTD,200,0,0.8108108108108109,3332.5372585905006,0.4,75
NoMTD,200,0,0.8522727272727273,3694.5154388622495,0.5,75
NoMTD,200,0,0.8490566037735849,4653.143634054131,0.6,75
NoMTD,200,0,0.875,5226.241632837909,0.7,75
NoMTD,200,0,0.8571428571428571,5979.701609679439,0.8,75
NoMTD,200,0,0.8333333333333334,2229.2222898174705,0.1,100
NoMTD,200,0,0.9090909090909091,3228.307053184895,0.2,100
NoMTD,200,0,0.8571428571428571,4375.949553472206,0.3,100
NoMTD,200,0,0.851063829787234,4866.8410684134315,0.4,100
NoMTD,200,0,0.847457627118644,5569.46547251834,0.5,100
NoMTD,200,0,0.8450704225352113,6040.378500743293,0.6,100
NoMTD,200,0,0.8536585365853658,6397.021874088752,0.7,100
NoMTD,200,0,0.851063829787234,7411.5053980735665,0.8,100
NoMTD,100,0,0.4166666666666667,686.3301384427133,0.1,25
NoMTD,100,0,0.5555555555555556,1301.0760266580633,0.2,25
NoMTD,100,0,0.6818181818181818,1351.0760266580633,0.3,25
NoMTD,100,0,0.7142857142857143,1817.0553110580327,0.4,25
NoMTD,100,0,0.78125,2115.710617593757,0.5,25
NoMTD,100,0,0.75,2474.13709105869,0.6,25
NoMTD,100,0,0.7291666666666666,2973.0369922848136,0.7,25
NoMTD,100,0,0.7407407407407407,3185.024777843768,0.8,25
NoMTD,100,0,0.625,1112.8302713566327,0.1,50
NoMTD,100,0,0.7692307692307693,1805.3340409604407,0.2,50
NoMTD,100,0,0.7894736842105263,2453.651259799848,0.3,50
NoMTD,100,0,0.8,2972.1442799171386,0.4,50
NoMTD,100,0,0.8333333333333334,3278.8715170424675,0.5,50
NoMTD,100,0,0.8571428571428571,3913.7730174656854,0.6,50
NoMTD,100,0,0.875,4313.732037187296,0.7,50
NoMTD,100,0,0.8695652173913043,4641.542348425147,0.8,50
NoMTD,100,0,0.75,1696.2640733131905,0.1,75
NoMTD,100,0,0.8333333333333334,2450.4482568175818,0.2,75
NoMTD,100,0,0.9,3325.6356534649512,0.3,75
NoMTD,100,0,0.8571428571428571,3869.202756751698,0.4,75
NoMTD,100,0,0.8928571428571429,4100.735388071883,0.5,75
NoMTD,100,0,0.9,4597.547322240276,0.6,75
NoMTD,100,0,0.9210526315789473,5083.951827681553,0.7,75
NoMTD,100,0,0.9230769230769231,5588.669450065771,0.8,75
NoMTD,100,0,0.9090909090909091,1917.1931309960305,0.1,100
NoMTD,100,0,0.8695652173913043,3369.276478592351,0.2,100
NoMTD,100,0,0.8571428571428571,4583.1724588393845,0.3,100
NoMTD,100,0,0.8695652173913043,5281.736836422458,0.4,100
NoMTD,100,0,0.8928571428571429,5913.723173393536,0.5,100
NoMTD,100,0,0.8955223880597015,6390.417023028968,0.6,100
NoMTD,100,0,0.875,7065.5551480639715,0.7,100
NoMTD,100,0,0.8888888888888888,7583.4422479899295,0.8,100
NoMTD,200,0,0.4166666666666667,681.4334926144278,0.1,25
NoMTD,200,0,0.5555555555555556,1157.5801885116184,0.2,25
NoMTD,200,0,0.6818181818181818,1531.712549049278,0.3,25
NoMTD,200,0,0.7142857142857143,1744.8393448554807,0.4,25
NoMTD,200,0,0.7352941176470589,2088.923977126426,0.5,25
NoMTD,200,0,0.75,2379.12532429643,0.6,25
NoMTD,200,0,0.7608695652173914,2812.696824606428,0.7,25
NoMTD,200,0,0.7692307692307693,3046.4418176935415,0.8,25
NoMTD,200,0,0.5555555555555556,1201.3803559588694,0.1,50
NoMTD,200,0,0.7142857142857143,1925.4000585430472,0.2,50
NoMTD,200,0,0.7894736842105263,2314.118723696607,0.3,50
NoMTD,200,0,0.8333333333333334,2717.986725243732,0.4,50
NoMTD,200,0,0.8620689655172413,3212.7319604241125,0.5,50
NoMTD,200,0,0.8823529411764706,3547.8188448530277,0.6,50
NoMTD,200,0,0.8974358974358975,4143.647414742289,0.7,50
NoMTD,200,0,0.8888888888888888,4470.246127726851,0.8,50
NoMTD,200,0,0.5769230769230769,1935.0092734866737,0.1,75
NoMTD,200,0,0.6818181818181818,3067.5170941898778,0.2,75
NoMTD,200,0,0.7758620689655172,3614.448900151444,0.3,75
NoMTD,200,0,0.8108108108108109,4018.311963005515,0.4,75
NoMTD,200,0,0.8522727272727273,4545.072262491718,0.5,75
NoMTD,200,0,0.8653846153846154,5057.340853554583,0.6,75
NoMTD,200,0,0.860655737704918,5494.89694656105,0.7,75
NoMTD,200,0,0.8695652173913043,5815.775680259354,0.8,75
NoMTD,200,0,0.8333333333333334,2154.19282949178,0.1,100
NoMTD,200,0,0.8695652173913043,3442.9970381759354,0.2,100
NoMTD,200,0,0.8823529411764706,4325.242781968633,0.3,100
NoMTD,200,0,0.8888888888888888,4950.396411842494,0.4,100
NoMTD,200,0,0.8771929824561403,5447.527212047859,0.5,100
NoMTD,200,0,0.8823529411764706,6061.353005236907,0.6,100
NoMTD,200,0,0.8974358974358975,6836.295848245897,0.7,100
NoMTD,200,0,0.8421052631578947,7766.673783405242,0.8,100
NoMTD,100,0,0.4166666666666667,949.3303227968458,0.1,25
NoMTD,100,0,0.5555555555555556,1262.1404888401955,0.2,25
NoMTD,100,0,0.6818181818181818,1552.8898097464712,0.3,25
NoMTD,100,0,0.7142857142857143,1773.1111772139116,0.4,25
NoMTD,100,0,0.7352941176470589,2109.3631277441555,0.5,25
NoMTD,100,0,0.7142857142857143,2503.38363695033,0.6,25
NoMTD,100,0,0.7291666666666666,2748.629648376025,0.7,25
NoMTD,100,0,0.7407407407407407,2989.253039673851,0.8,25
NoMTD,100,0,0.625,1212.8952217098595,0.1,50
NoMTD,100,0,0.7692307692307693,1722.779599721371,0.2,50
NoMTD,100,0,0.8333333333333334,2256.058612417302,0.3,50
NoMTD,100,0,0.8333333333333334,3023.060001798248,0.4,50
NoMTD,100,0,0.8333333333333334,3462.4750268428093,0.5,50
NoMTD,100,0,0.8571428571428571,3728.646083526729,0.6,50
NoMTD,100,0,0.875,4300.693551251147,0.7,50
NoMTD,100,0,0.8888888888888888,4515.140028132485,0.8,50
NoMTD,100,0,0.625,1730.5215961570452,0.1,75
NoMTD,100,0,0.7142857142857143,3099.904547215356,0.2,75
NoMTD,100,0,0.7758620689655172,3841.1828966120656,0.3,75
NoMTD,100,0,0.8108108108108109,4442.456303872679,0.4,75
NoMTD,100,0,0.8522727272727273,4686.31505264416,0.5,75
NoMTD,100,0,0.8490566037735849,5113.41819317143,0.6,75
NoMTD,100,0,0.875,5532.007317354063,0.7,75
NoMTD,100,0,0.8695652173913043,5832.664045911277,0.8,75
NoMTD,100,0,0.8333333333333334,1962.867549210594,0.1,100
NoMTD,100,0,0.9090909090909091,3166.7380825973114,0.2,100
NoMTD,100,0,0.9090909090909091,4309.905261203387,0.3,100
NoMTD,100,0,0.8888888888888888,5105.227449527819,0.4,100
NoMTD,100,0,0.8771929824561403,5570.912140076977,0.5,100
NoMTD,100,0,0.8955223880597015,6051.914668873254,0.6,100
NoMTD,100,0,0.8860759493670886,6517.797561068197,0.7,100
NoMTD,100,0,0.8791208791208791,7080.648975905027,0.8,100
NoMTD,200,0,0.4166666666666667,684.4423650046703,0.1,25
NoMTD,200,0,0.5,1572.991881837831,0.2,25
NoMTD,200,0,0.625,1866.9208133613351,0.3,25
NoMTD,200,0,0.6666666666666666,1941.9208133613351,0.4,25
NoMTD,200,0,0.6578947368421053,2354.3343742312036,0.5,25
NoMTD,200,0,0.6818181818181818,2755.6401220050857,0.6,25
NoMTD,200,0,0.7291666666666666,3085.6954204114763,0.7,25
NoMTD,200,0,0.7142857142857143,3252.425434196217,0.8,25
NoMTD,200,0,0.625,1104.5485119257419,0.1,50
NoMTD,200,0,0.7692307692307693,1750.9305141172422,0.2,50
NoMTD,200,0,0.7894736842105263,2387.139157920558,0.3,50
NoMTD,200,0,0.8,3089.9496947713797,0.4,50
NoMTD,200,0,0.8333333333333334,3354.6006048673607,0.5,50
NoMTD,200,0,0.8571428571428571,3676.514050404585,0.6,50
NoMTD,200,0,0.875,4365.879279248237,0.7,50
NoMTD,200,0,0.8888888888888888,4528.514981987135,0.8,50
NoMTD,200,0,0.8333333333333334,930.6846779319004,0.1,75
NoMTD,200,0,0.8333333333333334,2421.5010968343668,0.2,75
NoMTD,200,0,0.8653846153846154,3329.8734888574354,0.3,75
NoMTD,200,0,0.8823529411764706,3930.197143140279,0.4,75
NoMTD,200,0,0.9146341463414634,4224.579769329271,0.5,75
NoMTD,200,0,0.9183673469387755,4775.063507870941,0.6,75
NoMTD,200,0,0.9375,5397.251437877552,0.7,75
NoMTD,200,0,0.9375,5634.683576054485,0.8,75
NoMTD,200,0,0.9090909090909091,1740.0714915241463,0.1,100
NoMTD,200,0,0.9090909090909091,3276.516439823594,0.2,100
NoMTD,200,0,0.9090909090909091,4169.41578621325,0.3,100
NoMTD,200,0,0.9302325581395349,4684.9040573167995,0.4,100
NoMTD,200,0,0.9433962264150944,5707.790137248341,0.5,100
NoMTD,200,0,0.9375,6211.3847605705105,0.6,100
NoMTD,200,0,0.8860759493670886,7051.67266235971,0.7,100
NoMTD,200,0,0.8791208791208791,7627.961839164394,0.8,100
NoMTD,100,0,0.4166666666666667,676.7226155384743,0.1,25
NoMTD,100,0,0.5555555555555556,1200.3460631423836,0.2,25
NoMTD,100,0,0.6818181818181818,1479.463473208491,0.3,25
NoMTD,100,0,0.7142857142857143,1777.5874185272803,0.4,25
NoMTD,100,0,0.7352941176470589,2150.8184115045715,0.5,25
NoMTD,100,0,0.75,2465.8800975189197,0.6,25
NoMTD,100,0,0.7608695652173914,2685.267847747389,0.7,25
NoMTD,100,0,0.7692307692307693,2883.3439638320424,0.8,25
NoMTD,100,0,0.625,1166.5965229397668,0.1,50
NoMTD,100,0,0.7692307692307693,1717.4257834856462,0.2,50
NoMTD,100,0,0.8333333333333334,2055.315629465435,0.3,50
NoMTD,100,0,0.8333333333333334,2507.1579981246277,0.4,50
NoMTD,100,0,0.8333333333333334,3146.125563961036,0.5,50
NoMTD,100,0,0.8571428571428571,3506.268827539039,0.6,50
NoMTD,100,0,0.875,3978.899109057921,0.7,50
NoMTD,100,0,0.8888888888888888,4378.242700655024,0.8,50
NoMTD,100,0,0.625,1648.4491092870371,0.1,75
NoMTD,100,0,0.6818181818181818,2823.813748905499,0.2,75
NoMTD,100,0,0.7758620689655172,3287.773131202577,0.3,75
NoMTD,100,0,0.8108108108108109,3757.117703387641,0.4,75
NoMTD,100,0,0.8522727272727273,4082.6506648240124,0.5,75
NoMTD,100,0,0.8490566037735849,4895.396857675587,0.6,75
NoMTD,100,0,0.875,5181.38941376133,0.7,75
NoMTD,100,0,0.8823529411764706,5814.917004344685,0.8,75
NoMTD,100,0,0.9090909090909091,1666.9317519816807,0.1,100
NoMTD,100,0,0.9090909090909091,3184.0009461707327,0.2,100
NoMTD,100,0,0.9375,4274.639136585377,0.3,100
NoMTD,100,0,0.9302325581395349,4961.52523386441,0.4,100
NoMTD,100,0,0.9090909090909091,5534.540302296443,0.5,100
NoMTD,100,0,0.8955223880597015,6066.227502355499,0.6,100
NoMTD,100,0,0.9090909090909091,6815.229207157593,0.7,100
NoMTD,100,0,0.8695652173913043,7666.782620990587,0.8,100
NoMTD,200,0,0.4166666666666667,962.6560110288602,0.1,25
NoMTD,200,0,0.5555555555555556,1217.1331510240345,0.2,25
NoMTD,200,0,0.6818181818181818,1358.2116478472067,0.3,25
NoMTD,200,0,0.7142857142857143,1640.2181028644243,0.4,25
NoMTD,200,0,0.7352941176470589,1906.3319656250364,0.5,25
NoMTD,200,0,0.7142857142857143,2418.848642513364,0.6,25
NoMTD,200,0,0.7291666666666666,2794.765976595202,0.7,25
NoMTD,200,0,0.7407407407407407,2989.7043484005953,0.8,25
NoMTD,200,0,0.625,1131.9699720256644,0.1,50
NoMTD,200,0,0.7142857142857143,1720.262423756289,0.2,50
NoMTD,200,0,0.7894736842105263,2101.0814036884203,0.3,50
NoMTD,200,0,0.8333333333333334,2398.280916075666,0.4,50
NoMTD,200,0,0.8333333333333334,2790.784865914422,0.5,50
NoMTD,200,0,0.8571428571428571,3272.687124619848,0.6,50
NoMTD,200,0,0.875,3668.9530507306827,0.7,50
NoMTD,200,0,0.8695652173913043,4022.0730127539973,0.8,50
NoMTD,200,0,0.8333333333333334,766.4924390717069,0.1,75
NoMTD,200,0,0.8333333333333334,2227.213184495476,0.2,75
NoMTD,200,0,0.8333333333333334,2898.176416449681,0.3,75
NoMTD,200,0,0.8571428571428571,3431.4152546181585,0.4,75
NoMTD,200,0,0.8928571428571429,3779.0239720775244,0.5,75
NoMTD,200,0,0.9,4476.440976793235,0.6,75
NoMTD,200,0,0.9210526315789473,4854.783774976364,0.7,75
NoMTD,200,0,0.9090909090909091,5333.601159119812,0.8,75
NoMTD,200,0,0.9090909090909091,1917.4693871962277,0.1,100
NoMTD,200,0,0.9090909090909091,3264.1717552028076,0.2,100
NoMTD,200,0,0.8823529411764706,4305.399456536673,0.3,100
NoMTD,200,0,0.8888888888888888,4897.391538402798,0.4,100
NoMTD,200,0,0.8333333333333334,5608.224286689878,0.5,100
NoMTD,200,0,0.8571428571428571,6423.293136387402,0.6,100
NoMTD,200,0,0.8536585365853658,6852.098773966826,0.7,100
NoMTD,200,0,0.8333333333333334,7675.7276205803655,0.8,100
NoMTD,100,0,0.4166666666666667,942.8715734592794,0.1,25
NoMTD,100,0,0.5555555555555556,1341.4860220598023,0.2,25
NoMTD,100,0,0.6818181818181818,1633.691321107882,0.3,25
NoMTD,100,0,0.7142857142857143,1801.2570694090662,0.4,25
NoMTD,100,0,0.7352941176470589,2131.0596248748047,0.5,25
NoMTD,100,0,0.7142857142857143,2324.2049693091626,0.6,25
NoMTD,100,0,0.7608695652173914,2643.4817773633067,0.7,25
NoMTD,100,0,0.7692307692307693,2853.29279204862,0.8,25
NoMTD,100,0,0.625,1229.5055868867707,0.1,50
NoMTD,100,0,0.7692307692307693,1762.5522218367046,0.2,50
NoMTD,100,0,0.8333333333333334,2353.5238135404948,0.3,50
NoMTD,100,0,0.8695652173913043,2690.105980454186,0.4,50
NoMTD,100,0,0.8620689655172413,3232.397167700787,0.5,50
NoMTD,100,0,0.8823529411764706,3776.534859317435,0.6,50
NoMTD,100,0,0.8974358974358975,3999.089205366219,0.7,50
NoMTD,100,0,0.9090909090909091,4279.037382400484,0.8,50
NoMTD,100,0,0.6818181818181818,1652.248245317696,0.1,75
NoMTD,100,0,0.7142857142857143,2939.0804402405606,0.2,75
NoMTD,100,0,0.7758620689655172,3498.9821407243653,0.3,75
NoMTD,100,0,0.7894736842105263,4060.289125204573,0.4,75
NoMTD,100,0,0.8333333333333334,4352.405818225016,0.5,75
NoMTD,100,0,0.8490566037735849,4738.34818914433,0.6,75
NoMTD,100,0,0.860655737704918,5077.091570501198,0.7,75
NoMTD,100,0,0.8695652173913043,5467.056853836016,0.8,75
NoMTD,100,0,0.7692307692307693,2453.5158029158565,0.1,100
NoMTD,100,0,0.8333333333333334,3280.395164335705,0.2,100
NoMTD,100,0,0.8571428571428571,4395.159456697015,0.3,100
NoMTD,100,0,0.8333333333333334,5329.944244301532,0.4,100
NoMTD,100,0,0.8620689655172413,5859.325413947204,0.5,100
NoMTD,100,0,0.8450704225352113,6466.092934763066,0.6,100
NoMTD,100,0,0.8641975308641975,6952.895661046635,0.7,100
NoMTD,100,0,0.851063829787234,7718.803356227974,0.8,100
NoMTD,200,0,0.4166666666666667,696.7261279641632,0.1,25
NoMTD,200,0,0.5555555555555556,1515.1333305337944,0.2,25
NoMTD,200,0,0.6818181818181818,1667.0343876559575,0.3,25
NoMTD,200,0,0.7142857142857143,2065.070749950231,0.4,25
NoMTD,200,0,0.78125,2254.328969995597,0.5,25
NoMTD,200,0,0.7894736842105263,2506.712460521624,0.6,25
NoMTD,200,0,0.7954545454545454,2804.0512540609257,0.7,25
NoMTD,200,0,0.8,3082.5505478800756,0.8,25
NoMTD,200,0,0.5555555555555556,1239.4984278416478,0.1,50
NoMTD,200,0,0.6666666666666666,2007.8211434814425,0.2,50
NoMTD,200,0,0.75,2466.428312367437,0.3,50
NoMTD,200,0,0.7692307692307693,2806.120970266558,0.4,50
NoMTD,200,0,0.8064516129032258,3167.353655214336,0.5,50
NoMTD,200,0,0.8333333333333334,3543.901637467048,0.6,50
NoMTD,200,0,0.8536585365853658,3745.606830869001,0.7,50
NoMTD,200,0,0.8695652173913043,4146.925170221356,0.8,50
NoMTD,200,0,0.6818181818181818,1611.0012456216568,0.1,75
NoMTD,200,0,0.75,3367.070087138927,0.2,75
NoMTD,200,0,0.8333333333333334,3748.9010296682018,0.3,75
NoMTD,200,0,0.8571428571428571,4130.423812620392,0.4,75
NoMTD,200,0,0.8928571428571429,4411.873155890064,0.5,75
NoMTD,200,0,0.9,4876.637976136902,0.6,75
NoMTD,200,0,0.9210526315789473,5255.268161614459,0.7,75
NoMTD,200,0,0.9230769230769231,5838.526289837282,0.8,75
NoMTD,200,0,0.9090909090909091,2024.6420140209793,0.1,100
NoMTD,200,0,0.9090909090909091,3317.3032375825874,0.2,100
NoMTD,200,0,0.9090909090909091,4408.4451564123965,0.3,100
NoMTD,200,0,0.8888888888888888,5030.956561396462,0.4,100
NoMTD,200,0,0.8771929824561403,5808.545758069813,0.5,100
NoMTD,200,0,0.8571428571428571,6471.674779295062,0.6,100
NoMTD,200,0,0.813953488372093,7395.2387974791145,0.7,100
NoMTD,200,0,0.8333333333333334,8052.640363716098,0.8,100
NoMTD,100,0,0.4166666666666667,664.8033256440259,0.1,25
NoMTD,100,0,0.5555555555555556,1447.2025929971244,0.2,25
NoMTD,100,0,0.625,1748.6854965691887,0.3,25
NoMTD,100,0,0.625,2040.581543043787,0.4,25
NoMTD,100,0,0.6578947368421053,2318.3541619123653,0.5,25
NoMTD,100,0,0.625,2788.224349921444,0.6,25
NoMTD,100,0,0.6730769230769231,2972.0928072371594,0.7,25
NoMTD,100,0,0.6896551724137931,3271.1770662390736,0.8,25
NoMTD,100,0,0.625,1120.4957333675393,0.1,50
NoMTD,100,0,0.7692307692307693,1679.0135531087321,0.2,50
NoMTD,100,0,0.8333333333333334,2183.266157000611,0.3,50
NoMTD,100,0,0.8,2993.5896508018423,0.4,50
NoMTD,100,0,0.8333333333333334,3572.108209464159,0.5,50
NoMTD,100,0,0.8571428571428571,3814.9728433542905,0.6,50
NoMTD,100,0,0.875,4148.721333222018,0.7,50
NoMTD,100,0,0.8888888888888888,4434.040323308992,0.8,50
NoMTD,100,0,0.6818181818181818,1462.4436203688317,0.1,75
NoMTD,100,0,0.7142857142857143,2019.0787240557297,0.2,75
NoMTD,100,0,0.8035714285714286,3162.7409196376607,0.3,75
NoMTD,100,0,0.8333333333333334,3684.068179907101,0.4,75
NoMTD,100,0,0.8522727272727273,4295.041335252007,0.5,75
NoMTD,100,0,0.8653846153846154,4662.806633637968,0.6,75
NoMTD,100,0,0.875,5254.733493170016,0.7,75
NoMTD,100,0,0.8823529411764706,5568.115815449318,0.8,75
NoMTD,100,0,0.8333333333333334,1900.6016247076818,0.1,100
NoMTD,100,0,0.8695652173913043,3103.0669968504235,0.2,100
NoMTD,100,0,0.8823529411764706,4313.3181522740715,0.3,100
NoMTD,100,0,0.8695652173913043,5060.188527902144,0.4,100
NoMTD,100,0,0.819672131147541,5961.778141079751,0.5,100
NoMTD,100,0,0.8108108108108109,6502.631752126483,0.6,100
NoMTD,100,0,0.8333333333333334,7227.170028679009,0.7,100
NoMTD,100,0,0.8333333333333334,7691.150489475782,0.8,100
NoMTD,200,0,0.4166666666666667,664.1349575365753,0.1,25
NoMTD,200,0,0.5555555555555556,1391.89035112638,0.2,25
NoMTD,200,0,0.625,1800.0545920173427,0.3,25
NoMTD,200,0,0.6666666666666666,1936.0857752680445,0.4,25
NoMTD,200,0,0.6944444444444444,2162.3037449554745,0.5,25
NoMTD,200,0,0.6818181818181818,2601.1500958106712,0.6,25
NoMTD,200,0,0.7291666666666666,2943.3398135217035,0.7,25
NoMTD,200,0,0.7407407407407407,3196.065010606261,0.8,25
NoMTD,200,0,0.625,1136.326356579271,0.1,50
NoMTD,200,0,0.7692307692307693,1672.810970107119,0.2,50
NoMTD,200,0,0.8333333333333334,2034.2540556463236,0.3,50
NoMTD,200,0,0.8695652173913043,2437.415394534553,0.4,50
NoMTD,200,0,0.8928571428571429,2754.3832517640053,0.5,50
NoMTD,200,0,0.8823529411764706,3194.6680979959683,0.6,50
NoMTD,200,0,0.8974358974358975,3762.7636949996186,0.7,50
NoMTD,200,0,0.8888888888888888,4188.853887387892,0.8,50
NoMTD,200,0,0.625,1553.1091116987088,0.1,75
NoMTD,200,0,0.7142857142857143,2445.1413252488987,0.2,75
NoMTD,200,0,0.75,3335.5617800724945,0.3,75
NoMTD,200,0,0.7894736842105263,3924.4242609882813,0.4,75
NoMTD,200,0,0.8333333333333334,4156.574519687637,0.5,75
NoMTD,200,0,0.8490566037735849,4954.943454940923,0.6,75
NoMTD,200,0,0.875,5262.994120213194,0.7,75
NoMTD,200,0,0.8823529411764706,5692.057819142323,0.8,75
NoMTD,200,0,0.8333333333333334,2391.018194903369,0.1,100
NoMTD,200,0,0.8695652173913043,3442.4936031296315,0.2,100
NoMTD,200,0,0.8571428571428571,4454.286577364375,0.3,100
NoMTD,200,0,0.8,5497.7376695113035,0.4,100
NoMTD,200,0,0.8064516129032258,6136.355417705642,0.5,100
NoMTD,200,0,0.821917808219178,6769.844096031367,0.6,100
NoMTD,200,0,0.8235294117647058,7312.487654368706,0.7,100
NoMTD,200,0,0.8333333333333334,7938.26780089175,0.8,100
NoMTD,100,0,0.4166666666666667,704.5288720817946,0.1,25
NoMTD,100,0,0.5555555555555556,1161.5647162827058,0.2,25
NoMTD,100,0,0.6818181818181818,1350.5471012056205,0.3,25
NoMTD,100,0,0.6666666666666666,2012.668115037026,0.4,25
NoMTD,100,0,0.7352941176470589,2192.3935566718737,0.5,25
NoMTD,100,0,0.75,2466.8492882918563,0.6,25
NoMTD,100,0,0.7608695652173914,2792.3246577731466,0.7,25
NoMTD,100,0,0.7692307692307693,3009.0756103546196,0.8,25
NoMTD,100,0,0.5555555555555556,1029.4742711779709,0.1,50
NoMTD,100,0,0.7142857142857143,1625.1020543553884,0.2,50
NoMTD,100,0,0.7142857142857143,2362.1723725351903,0.3,50
NoMTD,100,0,0.7692307692307693,2713.6417100121207,0.4,50
NoMTD,100,0,0.8064516129032258,3063.9189696082844,0.5,50
NoMTD,100,0,0.8333333333333334,3905.6301329587236,0.6,50
NoMTD,100,0,0.8333333333333334,4280.262696568494,0.7,50
NoMTD,100,0,0.851063829787234,4763.31695112343,0.8,50
NoMTD,100,0,0.6818181818181818,1473.0764063396023,0.1,75
NoMTD,100,0,0.7894736842105263,2045.735910244589,0.2,75
NoMTD,100,0,0.8035714285714286,2502.9284560740107,0.3,75
NoMTD,100,0,0.8108108108108109,4099.243979827499,0.4,75
NoMTD,100,0,0.8152173913043478,4842.792445734475,0.5,75
NoMTD,100,0,0.8181818181818182,5466.858654937134,0.6,75
NoMTD,100,0,0.8467741935483871,5831.187843170381,0.7,75
NoMTD,100,0,0.8571428571428571,6218.5597692262545,0.8,75
NoMTD,100,0,0.9090909090909091,2332.2580458961265,0.1,100
NoMTD,100,0,0.9090909090909091,3332.7115757337497,0.2,100
NoMTD,100,0,0.9090909090909091,4287.642174549919,0.3,100
NoMTD,100,0,0.8888888888888888,4876.825297151589,0.4,100
NoMTD,100,0,0.8771929824561403,5928.036992677167,0.5,100
NoMTD,100,0,0.821917808219178,6832.401905034201,0.6,100
NoMTD,100,0,0.813953488372093,7399.696051025145,0.7,100
NoMTD,100,0,0.8247422680412371,7938.585932004444,0.8,100
NoMTD,200,0,0.4166666666666667,683.6420077145988,0.1,25
NoMTD,200,0,0.5555555555555556,1381.676367435444,0.2,25
NoMTD,200,0,0.6818181818181818,1516.3585343673162,0.3,25
NoMTD,200,0,0.6666666666666666,1886.1679381920235,0.4,25
NoMTD,200,0,0.6944444444444444,2224.200097117539,0.5,25
NoMTD,200,0,0.6521739130434783,2676.2644733319667,0.6,25
NoMTD,200,0,0.7,2894.292650182944,0.7,25
NoMTD,200,0,0.7142857142857143,3175.311259973997,0.8,25
NoMTD,200,0,0.625,1188.3445633165918,0.1,50
NoMTD,200,0,0.7692307692307693,1819.0022133012885,0.2,50
NoMTD,200,0,0.7894736842105263,2633.373452505374,0.3,50
NoMTD,200,0,0.8,3103.3829328155753,0.4,50
NoMTD,200,0,0.8333333333333334,3429.305780650179,0.5,50
NoMTD,200,0,0.8571428571428571,3683.004672473772,0.6,50
NoMTD,200,0,0.875,4034.6321361170367,0.7,50
NoMTD,200,0,0.8888888888888888,4479.443595325452,0.8,50
NoMTD,200,0,0.75,1449.9281534510433,0.1,75
NoMTD,200,0,0.7894736842105263,2427.4959928517587,0.2,75
NoMTD,200,0,0.8333333333333334,3126.7204572733513,0.3,75
NoMTD,200,0,0.8333333333333334,3882.4403889048126,0.4,75
NoMTD,200,0,0.872093023255814,4263.809363410241,0.5,75
NoMTD,200,0,0.8823529411764706,4719.495236090135,0.6,75
NoMTD,200,0,0.9051724137931034,5109.777547076654,0.7,75
NoMTD,200,0,0.9090909090909091,5777.848651759059,0.8,75
NoMTD,200,0,0.8333333333333334,2173.1235893941393,0.1,100
NoMTD,200,0,0.8695652173913043,3438.4749219638616,0.2,100
NoMTD,200,0,0.9090909090909091,4350.679066930743,0.3,100
NoMTD,200,0,0.851063829787234,5214.244319861102,0.4,100
NoMTD,200,0,0.8064516129032258,5929.1044852124005,0.5,100
NoMTD,200,0,0.821917808219178,6365.433802393001,0.6,100
NoMTD,200,0,0.8333333333333334,7218.79018173292,0.7,100
NoMTD,200,0,0.851063829787234,7564.91433025924,0.8,100
